# suppress inspection "SpringBootApplicationProperties" for whole file
# suppress inspection "UnusedProperty" for whole file

# Project properties #
project.version=@project.version@
spring.mvc.locale=es_AR
spring.mvc.localeResolver=fixed

# Logging configuration #
logging.config=classpath:log4j2.xml

# Normalized masculine names #

name-normalized-m.abdon = abdo, abdone, abdao, adon
name-normalized-m.abraham = abram, abramo
name-normalized-m.adan = adam, adamo
name-normalized-m.ademar = adhemar
name-normalized-m.adolfo = adolphe, adolph, adolf, gandolfo, gandulfo
name-normalized-m.adrian = adriano, adrianne
name-normalized-m.agustin = augusto, agostino, auguste, august, augustin
name-normalized-m.albino = alvino
name-normalized-m.alejandro = alejandrino, alessandro, alexander, alexandre, aleksander
name-normalized-m.amable = amabile
name-normalized-m.amilcar = amilcare, hamilcar, hamilkar
name-normalized-m.andres = andrea, andre, andrew, andreas
name-normalized-m.angel = angelo, arcangel, arcangelo, engel
name-normalized-m.antonio = antonino, antoine, anthony
name-normalized-m.anunciado = anunciacion, nunciado, annunziato, nunziato, nuncio, nunzio
name-normalized-m.armando = armanno, armano, armand
name-normalized-m.armando-arnaldo = armaldo
name-normalized-m.armando-german = ermanno, ermano, ermanio, ermando, germano, germain, hermann, herman
name-normalized-m.arnaldo = arnoldo, arnold, arnaud, arnault, ellande
name-normalized-m.asuncion = ascensio, ascencio, asensio, asencio, ascension, ascencion
name-normalized-m.bartolome = bartolomeo, bartolo, barthelemi, barthelemy, bartolomee, bartholomee, bartholomew, bartolomeu, bartholomeus
name-normalized-m.bautista = battista, batta, baptiste, baptist
name-normalized-m.beltran = beltrando, beltram, bertrand, bertrando, bertram, bernhard
name-normalized-m.benedicto = benito, benedetto, benedettino, benoit, benedito, benedicte, benedict, benedikt
name-normalized-m.benjamin = beniamino, benjamim
name-normalized-m.bernardo = bernardino, berardo, berardino, bernard
name-normalized-m.blas = biagio, biaggio, biase, blaise
name-normalized-m.blas-andres = biagiandrea, biaseandrea
name-normalized-m.brian = braian
name-normalized-m.calixto = calisto, callisto
name-normalized-m.camilo = camillo, camille
name-normalized-m.carlos = carlo, charles, carl, karl
name-normalized-m.carlos-antonio = carlantonio
name-normalized-m.carmelo = carmen, carmine
name-normalized-m.carmelo-antonio = carminantonio
name-normalized-m.cayetano = gaetano
name-normalized-m.cesar = cesareo, cesario, cesare, cesarino
name-normalized-m.claro = chiaro
name-normalized-m.claudio = claude, claudius
name-normalized-m.clemente = clement
name-normalized-m.concepcion = concezio
name-normalized-m.constantino = constancio, constante, costantino, costante, constance, constantin, constantine
name-normalized-m.dauvines = douwinus
name-normalized-m.delfin = delfino
name-normalized-m.dimas = disma, dismo, dimma, dimmo, dima, dimi, dimo
name-normalized-m.dionisio = dionigi, denis, dennis, dionysius
name-normalized-m.domingo = domenico, dominico, dominique, dominick, dominik, dominikus
name-normalized-m.domingo-antonio = domenicantonio
name-normalized-m.donato = donat, donatus
name-normalized-m.edgar = egar
name-normalized-m.eduardo = eduard, edouard
name-normalized-m.egidio = egidius, aegidius, agidius
name-normalized-m.elias = elia
name-normalized-m.elvio = helvio
name-normalized-m.emigdio = emidio, emiddio
name-normalized-m.emilio = emile, emil
name-normalized-m.enrique = enrico, henrique, henri, henry, hendrick, hendrik, hein, heinz, heinrich
name-normalized-m.erico = eriko
name-normalized-m.ernesto = ernestino, hernesto, ernest, ernst
name-normalized-m.estanislao = estanislado
name-normalized-m.esteban = stefano, etienne, stephan
name-normalized-m.eudosio = eudoxio, eudoxo
name-normalized-m.eugenio = eugene, eugen
name-normalized-m.eustaquio = eustasio
name-normalized-m.ezequiel = exequiel, exzequiel, ezechiele, ezechiel, ezekiel
name-normalized-m.fabian = fabio, favio, fabiano, fabien
name-normalized-m.fabricio = fabrizio, fabriciano
name-normalized-m.fausto = faustino
name-normalized-m.federico = frederick, friedrich, frerik, freerk
name-normalized-m.felipe = filippo, phillip, philippe, filipe
name-normalized-m.felix = felice, feliks
name-normalized-m.felix-antonio = feliciantonio
name-normalized-m.fermin = firmino, firmin
name-normalized-m.fernando = ferdinando, ferdinand, fernand
name-normalized-m.florencio = fiorenzo, florence, florent, florens, florenz, florentino
name-normalized-m.francisco = francesco, francis, francoie, francois, frantisek, franciscus, franziskus
name-normalized-m.francisco-antonio = francescantonio
name-normalized-m.gabino = gavino
name-normalized-m.gabriel = gabriele, gabbriele, gabriello, gabbriello
name-normalized-m.gaspar = gaspare, caspar, kaspar, gaspard, jasper
name-normalized-m.gerardo = gherardo, girard, gerard, gerrard, geraldo, gerrit, gerhardt, gerhart, gerhard
name-normalized-m.geronimo = jeronimo, jerome, hieronymus
name-normalized-m.gervasio = gervacio, gerasimo
name-normalized-m.gilberto = gilbert, herbert
name-normalized-m.gotardo = gottardo, gothard, gotthard, godehard
name-normalized-m.graciano = graziano, gratien, gracien, gratian
name-normalized-m.gracioso = grazioso
name-normalized-m.gualberto = walberto, guadalberto
name-normalized-m.guarino = guerino, guerrino
name-normalized-m.guillermo = guglielmo, guillaume, guilhaume, guillerme, william, wilhelm
name-normalized-m.gumersindo = gumercindo
name-normalized-m.heberto = eberto, eber
name-normalized-m.hector = ettore, hektor
name-normalized-m.heraclio = eraclio
name-normalized-m.heriberto = eliberto
name-normalized-m.herminio = erminio
name-normalized-m.higinio = iginio, hyginus, hygin, higino
name-normalized-m.hipolito = ippolito, hippolyte
name-normalized-m.honorio = honorino, onorio, onorino, honorius, honore
name-normalized-m.hugo = ugo, hugues, hugh
name-normalized-m.humberto = umberto, humbertino, umbertino, humbert, huberto, uberto, ubberto, hubert, hubertino, ubertino, ubbertino
name-normalized-m.idelfonso = ildefonso
name-normalized-m.ignacio = ignazio, ignace, ignatius, inacio
name-normalized-m.inocencio = innocenzo, innocent
name-normalized-m.isaac = izaac, isac, izac, isaaq, izaaq, isaq, izaq, isacq
name-normalized-m.isidoro = isidro, isidio, isidore, izidor
name-normalized-m.jacinto = giacinto, hyacinth, hyacinthe, jacinth, jacinthe
name-normalized-m.javier = xavier, severo, saverio, severino, saverino
name-normalized-m.jenaro = genaro, januario, gennaro, janvier, januarius
name-normalized-m.jeremias = geremias, geremia, jeremia, jeremie, jeremy, jeremiah
name-normalized-m.joaquin = gioacchino, joaquim, joachin, joachim, juaquin
name-normalized-m.jorge = giorgio, georges, george, georg, jurgen
name-normalized-m.jose = giuseppe, peppino, joseph, josephus
name-normalized-m.jose-antonio = giuseppantonio
name-normalized-m.jose-maria = giuseppemaria
name-normalized-m.juan = gio, giovanni, gioanni, gianni, jean, john, johan, johann, johannes, joannes, johano, ivan, joan, joao, hannes, hanns, hansel
name-normalized-m.juan-bautista = giambattista, giobattista, giovambattista, giobatta, jeanbaptiste
name-normalized-m.juan-carlos = giancarlo
name-normalized-m.juan-franco = gianfranco
name-normalized-m.juan-pedro = jeanpierre
name-normalized-m.julian = juliano, giuliano
name-normalized-m.julio = giulio, jules
name-normalized-m.justo = justino, justiniano, giusto, giustino, giustiniano
name-normalized-m.lactancio = lattanzio, lactance, lactantius
name-normalized-m.leonidas = leonida
name-normalized-m.lorenzo = laurent, lourenco, lawrence, laurentino, lorenzino
name-normalized-m.luciano = lucien, lukian, lucian
name-normalized-m.luis = luigi, louis, lewis, ludvig, ludwig, alois, aloisio, aloysius
name-normalized-m.manuel = emanuel, emmanuel, emanuele, emmanuele, manuele, meindert
name-normalized-m.marcelo = marcelino, marcel, marcellin
name-normalized-m.maria = marie
name-normalized-m.mario = marius
name-normalized-m.mateo = matteo, matheu, mathieu, matthew, matheo
name-normalized-m.matias = mattia, mathias
name-normalized-m.mauricio = mauro, maurizio, maurice
name-normalized-m.maximiliano = massimiliano, maximilian, maximilien
name-normalized-m.maximo = massimo, maxime, maximus
name-normalized-m.miguel = michele, michel, michael, mijail, myjailo
name-normalized-m.miguel-angel = michelangelo
name-normalized-m.moises = mose
name-normalized-m.narciso = narcizo
name-normalized-m.natalio = natale, natalizio, noel, natal
name-normalized-m.nicolas = nicola, nicolo, niccolo, nicholas, nikolaus, niksa, nicolaas, nickolas
name-normalized-m.nicolas-antonio = nicolantonio
name-normalized-m.nicolas-maria = nicolamaria
name-normalized-m.norberto = nolberto
name-normalized-m.octavio = octave, octavien, octavius, oktavio
name-normalized-m.onesimo = onecimo
name-normalized-m.pablo = paolo, paulo, paul, pavel, pavlos, paulino, paolino
name-normalized-m.pascual = pasquale, pascal
name-normalized-m.patricio = patrizio, patrice, patrick
name-normalized-m.pedro = pietro, pierre, peter, pieters, petro, pyotr, pieter
name-normalized-m.pedro-antonio = pietrantonio
name-normalized-m.pio = pius
name-normalized-m.placido = placide
name-normalized-m.primo = primero
name-normalized-m.prudencio = prudente, prudenzio, prudence
name-normalized-m.querubino = querubin, cherubino
name-normalized-m.rafael = raffaele, raffaello, raphael
name-normalized-m.ramon = raimundo, raymundo, raimondo, raimund, raymond, raymonde
name-normalized-m.raul = raoul, ralph, ralf, radulf, rasulo
name-normalized-m.reinaldo = reynaldo, reinardo, reynardo, reinhard, reinhart, reynard, reinard, reindert, reinardus
name-normalized-m.remigio = remigius, remi, remy
name-normalized-m.renee = rene
name-normalized-m.ricardo = riccardo, richard
name-normalized-m.roberto = ruperto, robert, rupert, robertino, rupertino
name-normalized-m.rodolfo = rodolph, rodolphe, rudolf, rudolph
name-normalized-m.rogelio = ruggero, ruggiero, roggero, ruggeri, roger, rodger, rogerio, rudiger, rutger
name-normalized-m.rosario = rosalio, rosolio, rosolino
name-normalized-m.rudesindo = rudecindo
name-normalized-m.sabino = savino
name-normalized-m.salvador = salvatore, salvadore, sauveur, salvator
name-normalized-m.santiago = jacobo, giacomo, jacques, jaques, james, jakob, jacob, jacobus
name-normalized-m.santos = san, santo, santi, santino, saint
name-normalized-m.sebastian = sebastiano, sebastiao, sebastien, bastien, bastian
name-normalized-m.segismundo = sigismundo, sigismondo, sigismond, siegmund, sigismund, sigmund
name-normalized-m.segundo = segundino, secondo
name-normalized-m.serafin = serafino
name-normalized-m.silvano = sylvain
name-normalized-m.silverio = silvere, sylvere
name-normalized-m.silvestre = silvestro, salvestro, sylvestre, silvester, sylvester
name-normalized-m.simon = simone
name-normalized-m.telesforo = teleforo
name-normalized-m.temistocles = temistocle
name-normalized-m.teofilo = theophile
name-normalized-m.tomas = tomasino, tommaso, tommasino, thomas, tom
name-normalized-m.valentin = valentino, valentine
name-normalized-m.venancio = venanzio
name-normalized-m.ventura = bentura, buenaventura
name-normalized-m.vicente = vincenzo, vicenzo, vincent
name-normalized-m.vicente-antonio = vincenzantonio
name-normalized-m.victor = victorio, victorino, victoriano, vittorio, vittorino, vito, vitto, viktor
name-normalized-m.victor-antonio = vitantonio
name-normalized-m.victor-nicolas = vitonicola, vittonicola
name-normalized-m.virginio = virgilio
name-normalized-m.wenceslao = wenceslado
name-normalized-m.zenobio = cenobio, zenobe
name-normalized-m.zenon = cenon

# Normalized feminine names #

name-normalized-f.abda = abdona
name-normalized-f.adela = adelina
name-normalized-f.adolfa = adolfina, adolphine, gandolfa
name-normalized-f.adriana = adrianne, adrienne
name-normalized-f.agueda = agata, agatha
name-normalized-f.agustina = agostina, augusta, augustina, augustine
name-normalized-f.ailen = aylen
name-normalized-f.alba = alva, albina, alvina
name-normalized-f.albertina = albertine
name-normalized-f.alejandra = alejandrina, alessandra, alexandra, aleksandra, alexandrie
name-normalized-f.alicia = alice
name-normalized-f.amalia = amalie
name-normalized-f.amilcara = hamilcara, hamilkara
name-normalized-f.ana = anita, anna, anne, annette, ann, ania
name-normalized-f.anabella = anabela, anabel, annabel, annabella, annabelle
name-normalized-f.andrea = andreina, andree, andreanne, andresa
name-normalized-f.angela = angelina, angelita, angelica, angeolina, arcangela
name-normalized-f.antonela = antonella
name-normalized-f.antonia = antonina, antonie
name-normalized-f.antonieta = antonietta, antoinette
name-normalized-f.anunciada = anunciacion, nunciada, anuncia, annunziata, nunziata, nuncia, nunzia
name-normalized-f.araceli = aracelia
name-normalized-f.armanda = armanna, armana, armande
name-normalized-f.armanda-arnalda = armalda
name-normalized-f.armanda-germana = ermanna, ermana, ermania, ermanda
name-normalized-f.asuncion = asunta, ascensia, ascencia, asensia, asencia, ascension, ascencion, assunta, assunzione
name-normalized-f.barbara = barbarita
name-normalized-f.bartolomea = bartola, bartolina, barthelemie, bartolomee, bartholomee
name-normalized-f.bautista = battista
name-normalized-f.beatriz = beatrice, matrice, beate, beatrix
name-normalized-f.belen = belena
name-normalized-f.beltrana = beltranda, bertranda, bertrande, bertrane
name-normalized-f.benedicta = benita, benedetta, benedettina, benoite, benedita, benedicte, benedikta
name-normalized-f.benjamina = beniamina, benjamine
name-normalized-f.bernabella = bernabela
name-normalized-f.bernarda = bernardina, berardina, bernardita, bernardete, bernardette, bernardetta, bernardine
name-normalized-f.berta = berthe, bertha
name-normalized-f.betina = bettina, betiana
name-normalized-f.brigida = gridget
name-normalized-f.calixta = calista, callista
name-normalized-f.camila = camilla, camille
name-normalized-f.carina = karina
name-normalized-f.carla = carlota, charlotte, karla
name-normalized-f.carmen = carmela, carmina, carmine
name-normalized-f.carmen-antonia = carminantonia
name-normalized-f.carola = carole, karole
name-normalized-f.carolina = carolin, caroline, karolin, karolina, karoline
name-normalized-f.catalina = catarina, cattarina, caterina, catterina, catharina, catherina, catherine, katharina, katharine, katherina, katherine, katarzyna, kathryn, ekaterina, ekatherina
name-normalized-f.cayetana = gaetana
name-normalized-f.celeste = celestina, celica, celesta
name-normalized-f.cesarea = cesaria, cesarina
name-normalized-f.cintia = cyntia
name-normalized-f.clara = chiara, claire
name-normalized-f.claudia = claudie, claudine
name-normalized-f.clemencia = clemence
name-normalized-f.clotilde = cleotilde
name-normalized-f.concepcion = concebida, concezione, concepita, concetta
name-normalized-f.constantina = constancia, costantina, constance, constantine, konstance
name-normalized-f.cristina = christina, cristine, christine, kristina, khristina
name-normalized-f.daiana = daiane, diana, dayana, dayanna, dianella, dana
name-normalized-f.delfina = adelphine, delphine
name-normalized-f.doelia = doella
name-normalized-f.dolores = addolorata, dolorata, dores, delores, deloris
name-normalized-f.dominga = domenica, dominica, dominicia, dominique, dominiquette
name-normalized-f.dominga-antonia = domenicantonia
name-normalized-f.egidia = egidie
name-normalized-f.elba = elva
name-normalized-f.elena = helena, ellen, helen, helene
name-normalized-f.elisa = eliza
name-normalized-f.elisa-isabel = elisabel, elisabet, elisabeth, elisabetta, elizabet, elizabeth
name-normalized-f.elvia = helvia
name-normalized-f.emigdia = emidia, emiddia
name-normalized-f.emilce = emilse, emilsen, hemilce, hemilse
name-normalized-f.emilia = emily
name-normalized-f.emma = ema
name-normalized-f.enriqueta = enrichetta, henrietta, hendrika
name-normalized-f.ercilia = hersilia
name-normalized-f.erica = erika
name-normalized-f.ernesta = ernestina, ernestine
name-normalized-f.estefania = stefania, etiennette, stephany, stephanie, stefanie
name-normalized-f.estela = stella
name-normalized-f.esther = ester
name-normalized-f.ethel = etel
name-normalized-f.eugenia = eugenie
name-normalized-f.eulalia = eulalie
name-normalized-f.eustaquia = eustasia
name-normalized-f.evelina = evelyn
name-normalized-f.ezequiela = exequiela, exzequiela, ezechiele, ezekiela
name-normalized-f.fabiana = fabia, favia, fabiola, fabienne
name-normalized-f.fabricia = fabrizia, fabriciana
name-normalized-f.fausta = faustina
name-normalized-f.federica = friederika, friederike, freerkje
name-normalized-f.felicitas = felicita, felicity, felicite
name-normalized-f.felipa = filippa, philippa, philippine, filipe
name-normalized-f.felisa = feliza, felicia, feliciana
name-normalized-f.fermina = firmina, firmine
name-normalized-f.fernanda = ferdinanda, fernande, ferdinande
name-normalized-f.filomena = philomene, philomena
name-normalized-f.fiorella = fiorela
name-normalized-f.flora-angela = fiorangela
name-normalized-f.florencia = fiorenza, florence, florent, florens, florenz, florentina
name-normalized-f.francisca = francesca, francoise
name-normalized-f.francisca-antonia = francescantonia
name-normalized-f.gabina = gavina
name-normalized-f.gabriela = gabriella, gabbriella, gabrielle, gabriele
name-normalized-f.genoveva = genoveffa, genoeffa, genevieve
name-normalized-f.gerarda = gherarda, geralda, gerard, gerarde, gerardina, geraldina, gerardine, geraldine
name-normalized-f.geronima = jeronima, geroma, jeromine
name-normalized-f.gertrudis = geertruida
name-normalized-f.gervasia = gervacia, gerasima
name-normalized-f.gilberta = gilberte, gilbertina
name-normalized-f.gladys = gladis, glady
name-normalized-f.graciana = gracia, grazia, grace, graziana, gratianne, gratienne, gracienne, engracia, engrazia, engrace
name-normalized-f.graciosa = graziosa, gracieuse
name-normalized-f.greta = gretha, grete, gretel, gretchen, grietje, griet, greetje
name-normalized-f.gualberta = walberta, guadalberta
name-normalized-f.guarina = guerina, guerrina
name-normalized-f.guillermina = guillerma, guglielmina, guillaumette, guillaumine, guillemette, guillemine, guillelmine
name-normalized-f.gumersinda = gumercinda
name-normalized-f.haydee = aide, aidee, aides, aida
name-normalized-f.heberta = eberta, eber
name-normalized-f.heraclia = eraclia
name-normalized-f.heriberta = eliberta
name-normalized-f.herminia = erminia, herminda, erminda
name-normalized-f.higinia = iginia, higina, hygiene
name-normalized-f.hilda = ilda
name-normalized-f.hipolita = ippolita
name-normalized-f.honoria = honorina, onoria, onorina, honorine
name-normalized-f.hortensia = hortencia
name-normalized-f.hugolina = ugolina
name-normalized-f.humberta = umberta, humbertina, umbertina, huberta, uberta, ubberta, hubertina, ubertina, ubbertina
name-normalized-f.idelfonsa = ildefonsa
name-normalized-f.ignacia = ignazia
name-normalized-f.ines = agnese, agnesina, agnes, agneta, agnete, agnetha, agnessa, inez, ynez
name-normalized-f.inmaculada = immacolata
name-normalized-f.inocencia = innocenza, innocence
name-normalized-f.irma = ilma
name-normalized-f.isabel = isabela, isabella, isabelle
name-normalized-f.isidora = isidra, isidore
name-normalized-f.jacoba = jacobina, jaquelina, jaqueline, giachetta, giacomina, giacoma, jacqueline, jacquette, jacquetta, jacquelyn
name-normalized-f.jacinta = giacinta, hyacinth, hyacinthe, jacinth, jacinthe
name-normalized-f.javiera = xaviera, severa, saveria, severina, saverina
name-normalized-f.jenara = genara, januaria, gennara
name-normalized-f.jessica = jesica, yessica, yesica
name-normalized-f.jimena = gimena, ximena
name-normalized-f.joaquina = juaquina, gioacchina
name-normalized-f.josefa = giuseppa, josepha, josephe, josephte, jose, giuseppe, joseph
name-normalized-f.josefa-antonia = giuseppantonia
name-normalized-f.josefina = giuseppina, josephine
name-normalized-f.juana = giovanna, gioanna, gianna, jeanne, jane, johana, johanna, ivana, joana, juanita
name-normalized-f.judita = judid, judit, judina, judeta, giuditta, judith, juditha, judithe, yudith
name-normalized-f.julia = giulia, julie
name-normalized-f.juliana = giuliana, juliane, julianna, julienne
name-normalized-f.justa = justina, justiniana, giusta, giustina, giustiniana, justine
name-normalized-f.lactancia = lattanzia, lactance
name-normalized-f.leoncia = leontina, leona
name-normalized-f.leoni = leony
name-normalized-f.leonor = eleonora, leonora, eleanor
name-normalized-f.lidia = lydia, lydie
name-normalized-f.lorenza = laurence, lourenca, lawrence, laurentina, lorenzina
name-normalized-f.lourdes = lurdes
name-normalized-f.lucia = lucie, lucy
name-normalized-f.luciana = lucianna, lucienne
name-normalized-f.lucrecia = lucrezia
name-normalized-f.luisa = luisina, luigia, luiza, louise, ludwig, aloisa, aloisia, aloysia, aloise
name-normalized-f.magdalena = maddalena, madeleine, magdelaine, magdeleine, magdalene
name-normalized-f.manuela = manuelita, emanuela, emmanuela, manuele
name-normalized-f.marcela = marcelina
name-normalized-f.margarita = margherita, marguerite, margueritte, margaret, margareta, margaretha, margarete, margarethe, margretha, margrethe
name-normalized-f.maria = marie, mary
name-normalized-f.maria-ana = mariana, marianna, marianne
name-normalized-f.maria-angela = mariangela, mariangiola
name-normalized-f.maria-antonia = mariantonia
name-normalized-f.maria-francisca = mariafrancesca
name-normalized-f.maria-josefa = mariagiuseppa, mariagiuseppe
name-normalized-f.maria-juana = mariagiovanna
name-normalized-f.maria-rosa = mariarosa
name-normalized-f.maria-teresa = mariateresa
name-normalized-f.marisa = marisela, maritza, marissa, maryse
name-normalized-f.martha = marta, martina, marthe
name-normalized-f.matea = mattea
name-normalized-f.matilde = matilda, mathilde, mathilda
name-normalized-f.maxima = massima, maxime
name-normalized-f.maximiliana = massimiliana, maximiliane
name-normalized-f.melisa = melissa, melyssa, melitta
name-normalized-f.mercedes = merceditas, mercede
name-normalized-f.micaela-miguela = michela, michiela, michelle, michele, michaela, miguelina
name-normalized-f.miriam = mirian, miryam, miryan, myriam, myrian
name-normalized-f.mirtha = mirta
name-normalized-f.montserrat = monserrat
name-normalized-f.narcisa = narciza
name-normalized-f.natalia = natali, natalizia, natalie, nathalie, nathalia
name-normalized-f.nicolasa = nicolina, nicoletta, nicoleta, nicole
name-normalized-f.nieves = nieve
name-normalized-f.noelia = nohelia
name-normalized-f.octavia = octavie, oktavia
name-normalized-f.onesima = onecima
name-normalized-f.pascuala = pasquala
name-normalized-f.patricia = patrizia, patrice
name-normalized-f.paula = pabla, paola, paulina, paolina
name-normalized-f.petrona = petronila, petronilla, petronille
name-normalized-f.placida = placide
name-normalized-f.porcia = porsia, porzia
name-normalized-f.providencia = provvidenza, providenza
name-normalized-f.prudencia = prudente, prudenzia, prudenza, prudence
name-normalized-f.querubina = cherubina
name-normalized-f.rafaela = raffaela
name-normalized-f.ramona = raimunda, raymunda, raimonda, raimunde, raymonde
name-normalized-f.raquel = rachela, rachele, rachel, rachelle
name-normalized-f.renata = renatta
name-normalized-f.renee = rene
name-normalized-f.roberta = ruperta, roberte, robertina, rupertina
name-normalized-f.rogelia = ruggera, ruggiera, ruggerina
name-normalized-f.rosa = rose, rosita
name-normalized-f.rosario = rosaria, rosalia, rosalina, rosolia, rosolina, rosalie
name-normalized-f.rudesinda = rudecinda
name-normalized-f.rufa = rufina
name-normalized-f.ruth = rudt
name-normalized-f.sabina = savina
name-normalized-f.salvadora = salvatora, salvatrice
name-normalized-f.santa = santina, sainte
name-normalized-f.sara = sarita, sarah
name-normalized-f.sebastiana = sebastia, sebastienne, sebastienna, bastienne
name-normalized-f.segismunda = sigismunda, sigismonda
name-normalized-f.segunda = segundina, seconda
name-normalized-f.silvana = sylvaine, sylvainne
name-normalized-f.silveria = silvere, sylvere
name-normalized-f.silvestra = salvestra, sylvestra
name-normalized-f.sofia = sophia, sophie
name-normalized-f.susana = suzana, susanna, suzanne, susanne
name-normalized-f.telesfora = telefora
name-normalized-f.teresa = teresita, theresa, theresia, therese, thereise
name-normalized-f.tomasa = tommasa, tomasina, tommasina, thomasa, thomasina, thomasine, tamsin, tamsyn, tamzin, tamsen
name-normalized-f.ursula = ursola, orsola, ursule, ursella, ursulina, orsolina
name-normalized-f.valentina = valyantsina, valiantsina
name-normalized-f.valeria = valeriana
name-normalized-f.vanesa = vanessa
name-normalized-f.venancia = venanzia
name-normalized-f.venecia = venezia
name-normalized-f.ventura = bentura, buenaventura
name-normalized-f.veronica = veronika
name-normalized-f.vicenta = vincenza, vicenza, vinciane, vincence, vincente, vincentine
name-normalized-f.vicenta-antonia = vincenzantonia
name-normalized-f.victoria = victorina, victoriana, vittoria, vittorina, viktoria
name-normalized-f.virginia = virgilia, virginie
name-normalized-f.viviana = vivian, bibiana, biviana
name-normalized-f.zenobia = cenobia, zenobie
name-normalized-f.zenona = cenona

# Normalized surnames #
## Attention: surnames should not contain double letters, b->v, k->c, q->c, y->i, z->s, je->ge, ji->gi (among others) ##
## See usage of this props in 'SearchUtils.normalizeSurnameToMainWord()' method ##

surname-normalized.ahetsetcheveri = ahetsecheveri, ahetsetxeveri, ahetxetcheveri
  # matches: Ahets Etcheberry, Ahets Echeverry, Ahets Etxeberry, Ahetxetcheberry
surname-normalized.aispuru = deaispuru
surname-normalized.adami = adamo
surname-normalized.alagia = alagio, alaie
surname-normalized.aldas = aldax
  # matches: Aldaz, Aldax
surname-normalized.alonso = dealonso
surname-normalized.alsaga = dealsaga
surname-normalized.alvear = dealvear
surname-normalized.alvero = dealvero
surname-normalized.amescua = deamescua
surname-normalized.amundarain = amondarain
surname-normalized.anchorena = deanchorena
surname-normalized.andiarena = deandiarena, martinandiarena, demartinandiarena
surname-normalized.antueno = deantueno
surname-normalized.apestegui = apesteguia
surname-normalized.aramvilet = haramvilet
  # matches: Arambillet, Harambillet
surname-normalized.areche = aretche, aretxe
surname-normalized.arguiano = argiano
surname-normalized.aristu = dearistu
surname-normalized.arsave = dearsave
surname-normalized.artigas = deartigas
surname-normalized.arvia = arvio
surname-normalized.ascarate = deascarate
  # matches: Azcarate, de Azcarate
surname-normalized.asevedo = deasevedo
surname-normalized.aspiros = deaspiros
surname-normalized.asua = deasua
surname-normalized.ausmendi = deausmendi
surname-normalized.avila = deavila
surname-normalized.avreu = deavreu
surname-normalized.cachenaut = cachenaud
surname-normalized.calcagno = calcano
surname-normalized.camagno = camano
surname-normalized.camarote = camarota
surname-normalized.capdevila = decapdevila, capdevile
surname-normalized.caputi = caputo
surname-normalized.carlusio = carlusi
surname-normalized.caroseli = carosela
surname-normalized.casado = casao
surname-normalized.castagnares = castanares
surname-normalized.castagno = castano, castagna, castana
surname-normalized.castet = castex
surname-normalized.castiglione = casteglione, castilone
surname-normalized.castineira = castaneira
surname-normalized.castronovo = castronuovo
surname-normalized.cavrera = decavrera
surname-normalized.christensen = christiansen, cristensen, cristiansen
surname-normalized.condourete = conderete
surname-normalized.conte = conti
surname-normalized.contreras = contrera
surname-normalized.coscarart = coscararte
surname-normalized.covelo = coveli
surname-normalized.cuargnali = cuarnali
surname-normalized.cuatrochio = cuatrochi, cuatrocuio, cuatrocui
  # matches: Quattrocchio, Quattrocchi, Cuatrochio, Cuatroquio
surname-normalized.cuchiarano = cucharano
surname-normalized.cuintal = cuinthal
  # matches: Quintal, Quinthal
surname-normalized.cuparo = cupero
surname-normalized.deangelis = deangeli
surname-normalized.decristofaro = dicristofaro
surname-normalized.decunto = decundo, dicunto, dicundo
surname-normalized.defilpo = difilpo
surname-normalized.defranchi = defranco
surname-normalized.deluca = diluca
surname-normalized.delvuono = devuono, divuono
surname-normalized.demichelis = demicheli, demichele
surname-normalized.depaola = depaula, depaolo, dipaola, dipaula, dipaolo
surname-normalized.devoni = devonis, delvonis
surname-normalized.dinapoli = dinapole, denapoli, denapole
surname-normalized.diorio = iorio, jorio
surname-normalized.donato = didonato
surname-normalized.draghi = dragui
surname-normalized.dusarat = duserat
surname-normalized.duvocs = duvox, duvois, duvoix
surname-normalized.ecuisa = decuisa
  # matches: Equiza, de Equiza
surname-normalized.egoscue = degoscue
  # matches: Egozcue, de Egozcue
surname-normalized.eguscuisa = deguscuisa
  # matches: Eguzquiza, de Eguzquiza
surname-normalized.elhiar = elhiart
surname-normalized.elisalde = delisalde
surname-normalized.enricues = enricue
surname-normalized.erea = derea
  # matches: Errea, de Errea
surname-normalized.ero = dero
  # matches: Erro, de Erro
surname-normalized.etchari = etxari, echari, detchari, detxari, dechari
surname-normalized.etchecopar = etxecopar, echecopar
surname-normalized.etchegarai = etxegarai, echegarai, detchegarai, detxegarai, dechegarai
surname-normalized.etchegoin = etxegoin, echegoin
surname-normalized.etchenicue = echenicue, etxenicue
surname-normalized.etchevarieta = echevarieta, etxevarieta
surname-normalized.etcheveri = echeveri, echavaria, echaveria, echevaria, echeveria, etchavaria, etchaveria, etchevaria, etcheveria, etxeveri, etxavaria, etxaveria, etxevaria, etxeveria, decheveri, dechavaria, dechaveria, dechevaria, decheveria, detcheveri, detchavaria, detchaveria, detchevaria, detcheveria, detxeveri, detxavaria, detxaveria, detxevaria, detxeveria
  # matches: Echeverri, Echeverry, Echavarria, Echaverria, Echevarria, Echeverria and its variations with tch and tx
surname-normalized.etchevers = etxevers, echevers, echeverts, etcheverts, detchevers, detxevers, dechevers, detcheverts
surname-normalized.eva = evans
surname-normalized.falconaro = falconara
surname-normalized.fereiro = fereira
surname-normalized.fernandes = defernandes
surname-normalized.fernandesvilegas = fernandesdevilegas
surname-normalized.ferari = feraris
surname-normalized.filartiga = filartigas
surname-normalized.filiol = filol
surname-normalized.firnis = firn
surname-normalized.fisina = fisine, fisini
  # matches: Fiscina, Fiscine, Fissini, Fissina
surname-normalized.fondovila = fondevila
surname-normalized.forastiere = forastieri, forestiere, forestieri
surname-normalized.frescaroli = frascaroli
  # matches: Forastiere, Forastieri, Forestiere, Forestieri
surname-normalized.froment = fromant, forma
surname-normalized.gailour = gailours, gailur, gailurs, galour, galours, galur, galurs
surname-normalized.galaso = galasi
surname-normalized.gamio = degamio
surname-normalized.gandolfo = gandolfi
surname-normalized.garai = degarai
surname-normalized.garaicochea = garaicotchea, garaicoechea, garaicoetchea, garaicotxea
surname-normalized.garsiarena = degarsiarena
surname-normalized.gavriele = gavrieli
surname-normalized.ghisoli = guisolis, ghuisoli, ghuisolis
surname-normalized.gianeli = ianeli
surname-normalized.gioia = gioja
surname-normalized.giorgeti = giorgieti
surname-normalized.goia = degoia
surname-normalized.goicoechea = goicoetchea, goicoetxea
surname-normalized.goieneche = goienetche, goiheneche, goihenetche, gogeneche, goienetxe
  # matches: Goyeneche, Goyhenetche
surname-normalized.goiri = degoiri
surname-normalized.gorostarsu = degorostarsu
surname-normalized.grifiths = grifeths
surname-normalized.guerero = guereros
surname-normalized.gutlein = gitlein, gitlain, guitlein, guitlain, citlein, citlain
  # matches: Gutlein, Gitlein, Gitlain, Guitlein, Guitlain, Kitlein, Kitlain
surname-normalized.hauscariague = hauscariaga
surname-normalized.heiland = hailand
surname-normalized.hernandes = dehernandes
surname-normalized.hernandorena = dehernandorena
surname-normalized.hesaine = hesaines
surname-normalized.hipolito = ipolito
surname-normalized.hiriart = hiriarte, iriart, iriarte
surname-normalized.hournau = hournou
surname-normalized.hoursouripe = housouripe, hourcouripe, houcouripe, oursouripe, ousouripe, ourcouripe, oucouripe, ursuripe
surname-normalized.iacovino = jacovino, giacovino, iacomino, giacomino
surname-normalized.iacovone = iacovoni, giacovone, giacovoni
surname-normalized.ienco = genco, gienco
surname-normalized.indacochea = indacoechea
surname-normalized.inviveri = inviviri
surname-normalized.iparaguire = deiparaguire
surname-normalized.iratcaval = iratsaval, iracaval, irasaval
  # matches: Iratcabal, Iratssabal, Iracabal, Irassabal
surname-normalized.irivuru = hirivuru, hirivourou, irivuro
surname-normalized.ituralde = ithuralde, ithouralde
surname-normalized.ituria = deituria
surname-normalized.iturios = ituriots
surname-normalized.ituriosgarai = ituriotsgarai
surname-normalized.iturvide = ithurvide
surname-normalized.ivarvide = deivarvide
surname-normalized.jauregui = dejauregui
surname-normalized.lacamara = lacamera
surname-normalized.lagos = lago, delagos, delago
surname-normalized.laius = lajus
surname-normalized.lanus = lanuse
  # matches: La Camera, La Camara, Lacamara
surname-normalized.laprovitera = laprovitola, laprovida
surname-normalized.laragneta = laraneta
surname-normalized.laramendi = laramundi
surname-normalized.lasarte = delasarte
surname-normalized.latansi = latansio
surname-normalized.latronico = latronica
surname-normalized.lavaien = delavaien
surname-normalized.lavorde = lavorda
surname-normalized.lehrman = leherman
surname-normalized.lescano = delescano
surname-normalized.levigne = levigna
surname-normalized.livonati = livonato
surname-normalized.loaisa = loisa
surname-normalized.lomvardi = lomvardo
surname-normalized.lopes = delopes
surname-normalized.lopesosornio = lopesdeosornio
surname-normalized.loustalot = loustalet
surname-normalized.lurve = lurvet, lourve, lourvet
surname-normalized.lutcen = luetcen
  # matches: Lutken, Luetken
surname-normalized.mailharo = malharo
  # matches: Mailharro, Malharro
surname-normalized.mandrini = mandrino
surname-normalized.manfredi = manfredo
surname-normalized.mansino = mansini
surname-normalized.marateo = maratea
surname-normalized.marcheti = marcueti
surname-normalized.marcuestaut = marcuestau, marcuesto
  # matches: Marquestaut, Marquestau, Marquesto
surname-normalized.marianasi = marianacho, marianache
surname-normalized.mariescurena = demariescurena
surname-normalized.martinena = demartinena
surname-normalized.marturano = martorano
surname-normalized.maseiras = maseira
surname-normalized.mcave = macave
  # matches: Mac Cabe, MacCabe, Mc Cabe, McCabe, Mac Cave, Macabe
surname-normalized.medio = demedio
surname-normalized.melo = demelo
surname-normalized.mendilaharsu = mendilaharsou, mendilahatsu, mendilahatsou, mendilahasu, mendilahasou, mendilaharxu, mendilaharxou, mendilahatxu, mendilahatxou, mendilahaxu, mendilahaxou
surname-normalized.merlo = demerlo
surname-normalized.migueles = micueles
  # matches: Migueles, Miguelez, Miquelez
surname-normalized.milione = miglione, melione, meglione
surname-normalized.minviele = menviele
surname-normalized.mirena = merena
surname-normalized.molina = demolina
surname-normalized.mongai = mongaix, moungai
surname-normalized.moglia = moglie
surname-normalized.montagna = montana
  # matches: Montagna, Montania
surname-normalized.montagno = montano
  # matches: Montagno, Montanio
surname-normalized.montola = montoia
  # matches: Montolla, Montoya
surname-normalized.moreto = moreti
surname-normalized.mosiaro = mosero
  # matches: Mocciaro, Moccero
surname-normalized.mourguiart = murguiarte
surname-normalized.mure = more
surname-normalized.musmani = musmano
surname-normalized.narvais = narvaits
surname-normalized.nascroile = nascrovile
surname-normalized.neads = neds
surname-normalized.novile = novili
surname-normalized.ocampo = ocampos
surname-normalized.oiarsun = deoiarsun
surname-normalized.oiharsaval = oiarsaval
surname-normalized.orchuela = orchuelo
surname-normalized.osafrain = ocafrain
surname-normalized.ospitaleche = ospitaletche, hospitaleche, hospitaletche, ospitaletxe
surname-normalized.otoneli = otonelo
surname-normalized.oxovi = ochovi
surname-normalized.palopolo = palopoli
surname-normalized.pandolfo = pandolfi
surname-normalized.papalo = papilo
surname-normalized.papolo = papola
surname-normalized.pastor = depastor
surname-normalized.paternoster = paternostro
surname-normalized.patronela = patroneli
surname-normalized.paulusi = paolusi, pauluso
surname-normalized.pereda = depereda
surname-normalized.pereira = pereiradelusena
surname-normalized.peres = deperes
surname-normalized.perochena = deperochena
surname-normalized.perone = peroni
surname-normalized.petrela = petrele
surname-normalized.petreli = pitreli
surname-normalized.petronasi = petronagi, petronage, petronasio
surname-normalized.petroseli = petruseli, petrucheli
surname-normalized.peuvrie = peuvriedeureta
  # fixes: Peuvrie de Urreta (not compound surname)
surname-normalized.picaroni = picarone
surname-normalized.pignatelo = pignateli
surname-normalized.piove = piovi
surname-normalized.pomphile = ponphile
surname-normalized.porovechio = parivechio
surname-normalized.posos = deposos
surname-normalized.prado = deprado
surname-normalized.pueiredon = poeiredon
surname-normalized.pugliese = vugliese
surname-normalized.puiau = puiou, puio, puian, puion
  # matches: Puyau, Puyou, Puyo, Puyan, Puyon
surname-normalized.ramaglio = ramalo, ramaio
surname-normalized.ramos = deramos
surname-normalized.randaso = rendaso
surname-normalized.reger = regert
surname-normalized.retaco = ritaco
surname-normalized.rigatuso = regatuso, reatuso
surname-normalized.ripa = deripa
surname-normalized.rosa = derosa
surname-normalized.rosas = derosas, ortisderosas
  # fixes: General use of surname 'Ortiz de Rosas' usually is 'De Rosas'
surname-normalized.rucert = rucer
  # matches: Ruckert, Rucker
surname-normalized.ruvare = rovare
surname-normalized.ruvino = rufino
surname-normalized.ruvolino = revolino, revolini
surname-normalized.sacomani = sacomano
surname-normalized.saia = saja, disaia
surname-normalized.sainteclucue = saintclucue, stclucue
surname-normalized.salamin = salamen, salame
surname-normalized.salvo = salvi
surname-normalized.sanches = sanchesdemolina
surname-normalized.sanmartin = desanmartin, saintmartin, stmartin
surname-normalized.santilan = santelan
surname-normalized.saparat = saparart, sapharart
surname-normalized.sarachu = saratxu
surname-normalized.sarate = desarate
surname-normalized.sasali = sasale
surname-normalized.sasieta = desasieta
surname-normalized.satostegui = satrustegui
surname-normalized.savaleta = desavaleta
surname-normalized.savatini = savatino
surname-normalized.scavuso = scavusi, scavosi
surname-normalized.schmidt = schmits
surname-normalized.scuri = scure
surname-normalized.sevalos = desevalos
surname-normalized.sialfa = sialfo, selfa, selfo
  # matches: Scialfa, Scialfo, Scelfa, Scelfo
surname-normalized.simari = simaro
surname-normalized.selale = selaie, selaia
  # matches: Selalle, Selaye, Selaya, Celaye, Celaya
surname-normalized.selano = silano, chelano, chilano
surname-normalized.selis = deselis
  # matches: Celis, De Celis
surname-normalized.selvagio = selvagi, salvagio, salvagi
surname-normalized.servidio = servidia
surname-normalized.shewchuc = shevchuc
surname-normalized.siano = siani, disiani
  # matches: Ciano, Ciani
surname-normalized.simon = desimon
surname-normalized.singone = singoni
surname-normalized.sirigliano = chirigliano, serigliano, serilano
  # matches: Cirigliano, Chirigliano, Cerigliano, Cerillano
surname-normalized.siufo = giufo
  # matches: Ciufo, Giufo
surname-normalized.somvra = somvras
surname-normalized.soriani = soriano
surname-normalized.sorondo = sorhondo
surname-normalized.sosa = desosa
surname-normalized.souts = soust
surname-normalized.souverviele = souvervile, souvervil
surname-normalized.spitale = spetale
surname-normalized.staheli = staeheli
surname-normalized.stefano = distefano, destefano, estefano, stephanus
surname-normalized.stracuadaini = stracuadanio
surname-normalized.sujodolsci = suchodolsci
  # matches: Sujodolski, Suchodolski
surname-normalized.suviri = desuviri
surname-normalized.taiani = taiana
surname-normalized.tavlar = tavolaro
surname-normalized.telechea = thelechea, teletxea, detelechea, dethelechea, deteletxea
surname-normalized.tomas = thomas
surname-normalized.torchia = torchio
surname-normalized.toscano = toscani
surname-normalized.traina = treina
surname-normalized.travela = traveli
surname-normalized.ugarte = hugarte, deugarte, dehugarte
surname-normalized.uhalde = duhalde
surname-normalized.urasa = deurasa
surname-normalized.urcuisa = deurcuisa
surname-normalized.ureta = deureta
surname-normalized.uria = deuria
surname-normalized.uriarte = deuriarte
  # matches: Uriarte, de Uriarte
surname-normalized.urioste = deurioste
surname-normalized.urtasun = deurtasun
  # matches: Urtasun, de Urtasun
surname-normalized.vagnoli = vanoli
surname-normalized.valisenti = valisente
surname-normalized.varenechea = varenetxea
surname-normalized.varlochi = varlocui
  # matches: Barlocchi, Barloqui
surname-normalized.vartolomeo = vartolome
surname-normalized.varou = varu
surname-normalized.vega = devega
surname-normalized.vegveder = vetveder, vedveder, veigveder, veveder, vegvede, vetvede, vedvede, veigvede, vevede
  # matches: Begbeder, Betbeder, Bedbeder, Beigbeder, Bebeder, Begbede, Betbede, Bedbede, Beigbede, Bebede
surname-normalized.venedeto = venedeti
surname-normalized.ventancourt = vetancourt
surname-normalized.ventimiglia = ventimilia, ventimila, ventemiglia, ventemilia, ventemila, vendemilia, vendemila
surname-normalized.verardi = verardo
surname-normalized.veresiartua = verisiartua
surname-normalized.vergero = vergerot
surname-normalized.vetrano = vitrano
surname-normalized.vevacua = vivacua
surname-normalized.vignau = vigneau
surname-normalized.vigo = devigo
surname-normalized.vilardo = velardo
surname-normalized.vinsugna = vinsuna
  # matches: Binsugna, Binsuna
surname-normalized.viseconte = viseconti, visiconte, visiconti
surname-normalized.vitonte = vitonde, vitondo
surname-normalized.vianchi = vianco
  # matches: Blanco, Bianco, Bianchi
surname-normalized.vohm = voehm
  # matches: Bohm, Boehm
surname-normalized.vologna = volognia
surname-normalized.volpi = volpe
surname-normalized.vongiorno = vuongiorno
  # matches: Bongiorno, Buongiorno
surname-normalized.voncienvis = voncewits
surname-normalized.vordasewics = vortsiewics
surname-normalized.vorja = devorja
surname-normalized.vourdete = vourdet, vurdet
surname-normalized.vuijs = vuis
surname-normalized.vuseli = vuselo
surname-normalized.vurgos = devurgos
surname-normalized.vustos = devustos
surname-normalized.wagner = wagener

# Name prefixes #

name-prefix.alc-prov-ctan = Alcalde Provincial Capit\u00e1n
name-prefix.alfz = Alf\u00e9rez
name-prefix.alfz-real-ctan = Alf\u00e9rez Real Capit\u00e1n
name-prefix.alfz-real-stte = Alf\u00e9rez Real Subteniente
name-prefix.brig-gral = Brigadier General
name-prefix.bto = Beato
name-prefix.cbo = Cabo
name-prefix.cdesa-pnt = Condesa Pontificia
name-prefix.cdor = Contador
name-prefix.cnel = Coronel
name-prefix.cnel-dr = Coronel Doctor
name-prefix.com-mun = Comisionado Municipal
name-prefix.com-mun-agr = Comisionado Municipal Agrimensor
name-prefix.com-mun-cnel = Comisionado Municipal Coronel
name-prefix.com-mun-dr = Comisionado Municipal Doctor
name-prefix.com-mun-esc = Comisionado Municipal Escribano
name-prefix.com-mun-tte-cnel = Comisionado Municipal Teniente Coronel
name-prefix.ctan = Capit\u00e1n
name-prefix.cte = Comandante
name-prefix.del-mun-dr = Delegado Municipal Doctor
name-prefix.diac = Di\u00e1cono
name-prefix.dr = Doctor
name-prefix.dra = Doctora
name-prefix.esc = Escribano
name-prefix.gdor = Gobernador
name-prefix.gdor-brig-gral = Gobernador Brigadier General
name-prefix.gdor-gral = Gobernador General
name-prefix.gral = General
name-prefix.ing = Ingeniero
name-prefix.ing-agr = Ingeniero Agr\u00f3nomo
name-prefix.int-mun = Intendente Municipal
name-prefix.int-mun-dr = Intendente Municipal Doctor
name-prefix.int-mun-ing = Intendente Municipal Ingeniero
name-prefix.int-mun-prof = Intendente Municipal Profesor
name-prefix.jz = Juez
name-prefix.jz-pz-cnel = Juez de Paz Coronel
name-prefix.jz-pz-ctan = Juez de Paz Capit\u00e1n
name-prefix.mons = Monse\u00f1or
name-prefix.mor = Mayor
name-prefix.pbro = Presb\u00edtero
name-prefix.prb = Presb\u00edtero
name-prefix.prof = Profesor
name-prefix.pta = Presidenta
name-prefix.pte = Presidente
name-prefix.pte-tte-gral = Presidente Teniente General
name-prefix.pte-gral = Presidente General
name-prefix.pte-mun = Presidente Municipal
name-prefix.pte-mun-cte = Presidente Municipal Comandante
name-prefix.rev = Reverendo
name-prefix.sgto = Sargento
name-prefix.sgto-mor = Sargento Mayor
name-prefix.sldo = Soldado
name-prefix.stte-alfz = Subteniente Alf\u00e9rez
name-prefix.subof-mor = Suboficial Mayor
name-prefix.tte = Teniente
name-prefix.tte-cnel = Teniente Coronel
